id,name,min,max,price
100,Carmela,10,5,213
101,Dolli,13,5,721
102,Karena,14,7,909
103,Eve,15,10,633
104,Darci,12,3,230
105,Adriana,14,5,537
106,Gerrie,13,5,969
107,Jsandye,13,2,623
108,Joy,12,8,202
109,Verla,13,2,698
110,Marylou,14,3,593
111,Lorenza,12,7,335
112,Oralee,10,6,826
113,Ivett,15,8,283
114,Chandra,15,5,774
115,Merrie,15,10,70
116,Darci,15,10,943
117,Anica,14,3,337
118,Merry,10,4,903
119,Vere,12,4,328
120,Meriel,10,5,116
121,Zsa Zsa,13,9,734
122,Emmey,15,7,322
123,Tomasina,14,4,551
124,Noelle,14,7,136
125,Shel,14,7,871
126,Deirdre,13,8,924
127,Antonietta,13,9,255
128,Kathi,10,5,730
129,Jessy,12,3,479
130,Gerianna,11,5,731
131,Gilda,11,7,546
132,Merrie,15,6,980
133,Lily,12,7,962
134,Flo,13,8,755
135,Charlena,11,2,114
136,Veda,15,4,240
137,Michaelina,11,2,181
138,Dominga,12,8,843
139,Dianemarie,12,3,397
140,Kimmy,15,3,109
141,Edyth,10,4,356
142,Annabela,10,2,797
143,Gerrie,13,4,43
144,Concettina,11,3,186
145,Sandie,11,8,6
146,Gwyneth,13,3,74
147,Orsola,15,6,699
148,Edee,13,8,843
149,Wendi,10,2,813
150,Kayla,15,6,79
151,Deedee,14,9,316
152,Danika,11,4,397
153,Hermione,15,9,196
154,Frank,14,2,73
155,Jenda,14,6,200
156,Rebeca,12,9,722
157,Sherrie,13,7,398
158,Misha,14,10,143
159,Valeda,12,9,162
160,Zia,13,6,565
161,Rozele,11,2,649
162,Jinny,11,6,330
163,Kristan,10,5,643
164,Kamilah,10,5,632
165,Ayn,10,5,236
166,Trixi,12,10,485
167,Sibella,12,6,256
168,Natka,15,5,102
169,Arlena,10,7,195
170,Gertrud,13,8,426
171,Amii,15,7,402
172,Ileana,10,9,748
173,Annice,12,6,704
174,Robbi,12,3,29
175,Mariele,15,10,441
176,Pearline,10,2,853
177,Carol-Jean,13,7,349
178,Doro,12,2,705
179,Paulita,14,7,553
180,Peri,14,5,676
181,Allyce,11,7,795
182,Marylou,14,4,39
183,Selma,12,10,687
184,Zondra,12,5,147
185,Dede,13,10,928
186,Max,10,6,165
187,Lynnea,13,10,230
188,Raquela,15,4,496
189,Kial,10,8,629
190,Aryn,12,10,814
191,Marjie,13,10,141
192,Chickie,15,3,930
193,Lindie,11,8,148
194,Ricky,13,9,584
195,Gavrielle,15,9,956
196,Nickie,15,8,626
197,Britni,15,3,670
198,Flo,14,7,715
199,Marylou,12,8,557
200,Kore,11,8,938
201,Joceline,13,7,600
202,Tina,12,2,215
203,Ada,11,8,240
204,Shannah,13,6,708
205,Maryellen,10,3,73
206,Deane,11,5,188
207,Darci,15,8,620
208,Lonnie,11,4,107
209,Ninnetta,14,10,323
210,Ethel,12,10,54
211,Nannie,13,4,654
212,Elena,15,7,444
213,Catharine,15,2,753
214,Mathilda,12,5,635
215,Angelique,14,8,555
216,Joleen,12,8,535
217,Caressa,15,4,218
218,Tori,11,10,337
219,Amelia,12,9,74
220,Bee,12,7,613
221,Meg,13,10,466
222,Kimberley,10,5,379
223,Maisey,10,7,628
224,Kristina,11,7,720
225,Bill,14,2,210
226,Lucy,10,5,426
227,Briney,13,9,227
228,Rayna,14,2,554
229,Joelly,14,5,629
230,Penelopa,13,4,8
231,Zondra,11,4,720
232,Edee,14,9,898
233,Rhoda,15,7,584
234,Peri,15,9,32
235,Olwen,12,8,356
236,Katleen,13,6,963
237,Kore,11,9,852
238,Kayla,13,4,346
239,Olwen,15,10,151
240,Mariele,13,2,943
241,Korrie,15,8,87
242,Laure,14,3,522
243,Antonietta,10,7,767
244,Roslyn,10,7,473
245,Letizia,12,10,48
246,Sindee,12,7,405
247,Celisse,12,3,526
248,Fawne,10,3,718
249,Katleen,10,6,648
250,Fernande,11,8,630
251,Karolina,14,8,106
252,Brena,15,5,573
253,Liana,15,9,790
254,Sam,12,10,10
255,Gabriellia,10,5,87
256,Justinn,12,7,563
257,Ottilie,10,9,876
258,Lynea,13,7,466
259,Aryn,12,6,133
260,Yvonne,14,2,822
261,Shaine,14,3,895
262,Cristine,11,2,471
263,Alyda,13,4,210
264,Audrie,14,6,425
265,Carmela,13,8,334
266,Alex,11,5,298
267,Nessie,12,2,720
268,Gusella,10,7,601
269,Gusella,14,7,511
270,Ruthe,14,6,639
271,Jerry,10,10,994
272,Aurore,13,3,128
273,Kayla,15,9,680
274,Jenda,15,8,843
275,Dotty,11,9,465
276,Carilyn,11,8,4
277,Aurore,12,3,913
278,Viviene,12,5,391
279,Lolita,14,7,128
280,Jere,11,3,282
281,Clo,10,9,936
282,Cordi,10,4,669
283,Nita,12,5,252
284,Kathy,10,5,510
285,Elyssa,13,6,644
286,Kate,12,2,706
287,Antonietta,14,9,312
288,Kimmy,15,5,703
289,Consuela,13,8,953
290,Mary,11,2,2
291,Basia,14,7,866
292,Bobbi,14,10,206
293,Merry,15,5,485
294,Clementine,13,8,172
295,Lynnea,12,5,524
296,Kamilah,10,8,721
297,Meghann,15,10,274
298,Frank,10,9,669
299,Kimberley,11,7,588
300,Winny,14,6,191
301,Penelopa,13,8,472
302,Babita,14,5,876
303,Gwyneth,13,8,293
304,Oralee,15,8,497
305,Henriette,15,4,23
306,Melanie,15,5,497
307,Violet,15,2,648
308,Marti,15,9,888
309,Kylynn,11,4,365
310,Gilda,15,9,219
311,Priscilla,12,2,67
312,Chastity,15,10,944
313,Charissa,13,2,169
314,Ginnie,10,10,341
315,Lanae,12,6,210
316,Minne,12,10,593
317,Sophia,14,5,582
318,Meriel,15,3,254
319,Nannie,11,3,672
320,Rubie,12,5,184
321,Britni,11,6,169
322,Gusella,12,5,14
323,Blondelle,14,2,431
324,Tilly,13,9,64
325,Blake,12,9,418
326,Kaia,13,5,287
327,Codie,12,7,178
328,Ida,13,5,227
329,Elmira,10,7,191
330,Alie,13,4,620
331,Tersina,11,10,674
332,Anestassia,12,5,391
333,Nickie,15,5,795
334,Misha,14,8,727
335,Hyacinthe,12,3,887
336,Konstance,10,3,786
337,Stacey,11,2,658
338,Florencia,11,7,512
339,Perry,10,9,914
340,Janeczka,11,6,202
341,Gratia,15,4,103
342,Margarette,11,4,331
343,Shell,13,3,825
344,Harrietta,13,8,346
345,Dyann,11,8,804
346,Donetta,13,7,467
347,Annora,13,2,82
348,Basia,10,8,360
349,Cacilie,15,4,879
350,Katharina,13,9,434
351,Violet,14,8,842
352,Frances,13,2,549
353,Katleen,10,4,111
354,Drucie,14,3,503
355,Estell,14,9,993
356,Gloria,15,10,855
357,Laure,14,2,407
358,Marsiella,13,4,838
359,Yolane,11,10,219
360,Bertine,11,10,374
361,Neila,10,6,22
362,Ardeen,12,2,414
363,Roseline,13,7,949
364,Tybie,14,7,130
365,Maridel,10,8,438
366,Sonni,14,6,890
367,Blake,10,8,341
368,Imojean,12,5,306
369,Tonia,11,7,694
370,Codie,12,3,848
371,Modestia,13,4,322
372,Gusty,13,10,524
373,Alameda,14,10,755
374,Linzy,12,3,855
375,Natka,13,8,633
376,Beatriz,10,6,828
377,Bettine,15,8,709
378,Marika,14,9,944
379,Gaylene,13,3,821
380,Annecorinne,10,9,655
381,Sabina,11,2,401
382,Gretal,13,9,234
383,Olivette,10,7,949
384,Hannis,10,8,546
385,Genevra,12,3,715
386,Donnie,14,5,469
387,Nyssa,10,7,104
388,Nadine,11,9,843
389,Tracey,12,5,210
390,Kirstin,14,7,128
391,Rosabelle,15,6,387
392,Brietta,11,4,573
393,Oona,13,2,85
394,Eve,12,5,36
395,Marti,15,9,472
396,Sibella,10,9,545
397,Madeleine,10,7,179
398,Alisha,13,6,720
399,Linet,15,3,328
400,Ginnie,11,7,299
401,Orsola,15,4,342
402,Ira,15,2,437
403,Fredericka,10,6,604
404,Joeann,15,5,179
405,Evaleen,13,7,973
406,Dennie,13,5,467
407,Clarice,12,10,518
408,Cyb,15,8,82
409,Allyce,14,8,753
410,Eugine,15,5,780
411,Aimil,12,3,304
412,Alyda,11,9,280
413,Letizia,12,2,617
414,Mamie,15,10,844
415,Ofilia,11,6,381
416,Amalie,10,6,254
417,Florencia,13,3,843
418,Christy,14,9,67
419,Lexine,10,2,935
420,Celestyna,15,4,695
421,Caritta,15,9,324
422,Alameda,12,8,664
423,Randa,13,3,537
424,Sandie,10,7,400
425,Mildrid,11,4,180
426,Linet,14,2,70
427,Britni,11,9,808
428,Dianemarie,15,2,695
429,Leanna,15,9,914
430,Debee,13,8,840
431,Heida,14,2,279
432,Evita,14,5,954
433,Mary,13,6,467
434,Mignon,12,3,57
435,Madelle,12,10,225
436,Maye,10,8,670
437,Maurene,12,9,920
438,Kirstin,11,8,391
439,Shell,15,8,13
440,Dode,15,7,911
441,Therine,14,8,998
442,Andree,11,8,743
443,Cristabel,12,10,901
444,Nonnah,15,2,94
445,Shandie,14,9,342
446,Leanna,14,6,985
447,Bernie,14,5,862
448,Kathi,11,4,593
449,Lorenza,10,6,477
450,Elise,15,2,151
451,Malina,12,9,199
452,Anthia,15,3,341
453,Gilligan,13,9,362
454,Ann-Marie,11,3,844
455,Aili,10,9,448
456,Margalo,12,7,230
457,Aili,14,10,452
458,Berta,11,6,254
459,Jillayne,15,5,92
460,Rozele,12,4,21
461,Mireielle,12,6,892
462,Ginnie,13,8,193
463,Betta,12,9,248
464,Melina,14,10,178
465,Lauryn,10,4,57
466,Cassondra,11,2,399
467,Sabina,14,4,301
468,Devina,11,8,287
469,Gilda,11,6,452
470,Alleen,15,2,6
471,Joeann,10,10,401
472,Zia,11,7,109
473,Ricky,11,2,711
474,Gretal,14,3,613
475,Danny,12,7,196
476,Silvana,15,2,653
477,Hayley,14,10,309
478,Rhoda,11,3,387
479,Gabriellia,13,8,674
480,Robinia,12,3,291
481,Bertine,15,4,253
482,Correy,10,8,435
483,Olivette,10,4,810
484,Pearline,15,3,367
485,Tarra,13,2,903
486,Ericka,10,10,149
487,Brooks,13,8,843
488,Collen,15,5,928
489,Lila,12,10,434
490,Orelia,15,8,22
491,Mureil,14,8,365
492,Brana,10,4,584
493,Vere,15,9,550
494,Fina,14,7,933
495,Belinda,15,8,687
496,Rosene,12,5,742
497,Hildegaard,15,8,275
498,Kassey,11,6,49
499,Bill,14,6,744
500,Atlanta,11,3,190
501,Celene,14,6,26
502,Ellette,15,3,836
503,Zsa Zsa,14,8,651
504,Diena,10,10,558
505,Deirdre,12,9,560
506,Dorthy,11,2,298
507,Lulita,12,3,205
508,Estell,13,2,706
509,Nariko,13,4,994
510,Bill,12,9,492
511,Elena,13,10,464
512,Yvonne,10,5,218
513,Josephine,11,7,503
514,Ingrid,13,7,351
515,Gusty,11,8,402
516,Beatriz,10,5,266
517,Dyann,10,4,81
518,Adore,12,10,849
519,Nita,10,10,353
520,Ruthe,14,3,736
521,Judy,10,2,364
522,Ida,13,4,746
523,Debee,13,8,138
524,Tina,15,6,898
525,Daphne,10,2,605
526,Emma,15,10,732
527,Yvonne,12,10,890
528,Laure,12,9,216
529,Genovera,10,8,145
530,Dacia,11,2,848
531,Magdalena,14,8,636
532,Elora,15,2,724
533,Lusa,14,2,669
534,Cindelyn,10,8,532
535,Cristabel,13,6,421
536,Aeriela,11,9,867
537,Jaime,10,10,397
538,Aimil,14,4,180
539,Isa,11,2,283
540,Rhoda,10,6,585
541,Mary,14,8,309
542,Rosene,14,3,173
543,Dorice,11,2,146
544,Orsola,15,5,70
545,Nita,12,10,685
546,Sarette,12,6,309
547,Andree,15,10,556
548,Marleah,15,6,37
549,Lily,11,5,421
550,Harrietta,13,7,252
551,Di,14,9,521
552,Peri,15,10,963
553,Nanete,15,8,614
554,Carmencita,12,8,513
555,Merry,10,2,129
556,Belinda,13,6,508
557,Mary,12,8,703
558,Janey,11,7,564
559,Grier,15,8,33
560,Dotty,11,6,11
561,Georgina,13,2,538
562,Jinny,12,6,249
563,Marsiella,13,5,493
564,Paulita,13,3,7
565,Dorene,11,8,78
566,Sybille,15,6,154
567,Dione,14,6,363
568,Annabela,11,8,79
569,Charissa,15,8,759
570,Lynea,12,6,446
571,Heida,11,3,848
572,Asia,13,4,639
573,Carmela,11,9,169
574,Selma,13,10,404
575,Katuscha,14,6,170
576,Therine,10,2,785
577,Selia,14,3,63
578,Desirae,15,4,507
579,Elka,14,2,187
580,Joleen,14,6,448
581,Bertine,14,7,269
582,Evaleen,14,5,102
583,Cyb,12,2,962
584,Marnia,13,10,497
585,Olwen,15,2,127
586,Leona,15,2,684
587,Codie,13,4,243
588,Ricky,10,3,421
589,Lenna,12,5,486
590,Raquela,12,9,606
591,Monika,15,6,138
592,Marti,10,2,70
593,Amii,11,9,454
594,Janenna,11,6,899
595,Helena,11,3,281
596,Claudina,14,10,690
597,Dulcinea,10,4,534
598,Brynna,15,8,113
599,Joelly,13,6,682
600,Fanny,11,6,656
601,Zsa Zsa,11,6,984
602,Lorie,14,7,706
603,Bee,14,3,658
604,Bee,11,5,271
605,Brynna,14,5,684
606,Kellen,11,6,128
607,Marinna,13,7,875
608,Myrtice,12,10,950
609,Meriel,14,5,644
610,Debee,12,5,380
611,Alleen,13,10,834
612,Annora,14,3,560
613,Rayna,12,8,979
614,Roseline,13,5,562
615,Heddie,10,8,300
616,Stephanie,12,6,235
617,Katuscha,13,2,290
618,Bernardine,12,10,281
619,Deloria,11,9,893
620,Etta,12,4,387
621,Frank,12,7,169
622,Vevay,14,9,844
623,Genovera,11,2,836
624,Jeanna,13,3,44
625,Marcy,15,10,705
626,Libbie,12,7,458
627,Jobi,12,6,252
628,Alia,14,10,36
629,Mallory,14,7,571
630,Dulcinea,12,8,4
631,Camile,11,2,975
632,Jasmina,13,7,661
633,Steffane,14,6,275
634,Constance,14,7,674
635,Arlena,15,4,723
636,Nessie,11,2,319
637,Rori,13,3,990
638,Phedra,11,2,275
639,Justinn,14,10,609
640,Valeda,13,10,478
641,Tani,14,9,441
642,Jenilee,10,8,934
643,Rochette,12,8,166
644,Caryl,11,4,624
645,Emma,14,2,511
646,Belva,13,9,989
647,Pamella,14,2,681
648,Charissa,11,10,473
649,Dode,15,8,125
650,Lauryn,14,7,366
651,Letizia,12,9,7
652,Nerta,15,5,839
653,Tarra,15,8,282
654,Gloria,10,4,82
655,Ethel,11,8,42
656,Lila,15,8,816
657,Lila,10,3,403
658,Cordi,11,2,50
659,Siana,12,2,598
660,Molli,12,5,804
661,Netty,12,2,882
662,Marcy,11,3,679
663,Joy,12,6,291
664,Gerrie,14,4,967
665,Tressa,13,7,489
666,Gavrielle,12,10,210
667,Rhoda,14,7,572
668,Alie,10,8,396
669,Corry,12,7,626
670,Tani,14,6,512
671,Lacie,12,5,219
672,Albertina,15,7,476
673,Jinny,13,8,510
674,Phedra,10,9,212
675,Natka,10,2,313
676,Sharlene,13,9,214
677,Marsiella,15,8,154
678,Consuela,13,8,337
679,Lynnea,13,4,883
680,Fred,12,3,929
681,Tiffie,14,8,916
682,Riannon,13,9,203
683,Ariela,11,8,167
684,Lorne,10,9,939
685,Chloris,13,8,35
686,Heddie,10,2,970
687,Jackie,15,8,998
688,Marcy,11,7,848
689,Yetty,15,5,828
690,Marika,10,7,977
691,Josephine,11,5,745
692,Danny,13,8,359
693,Lorne,14,9,849
694,Moyna,11,4,482
695,Renie,13,4,394
696,Olivette,14,7,866
697,Marika,14,6,99
698,Eve,11,5,161
699,Dari,14,7,114
700,Angela,14,10,646
701,Ayn,14,2,582
702,Katleen,10,6,515
703,Madelle,10,8,756
704,Oona,15,4,299
705,Talya,14,5,820
706,Kore,14,8,117
707,Asia,13,2,542
708,Loree,12,2,986
709,Neila,15,2,424
710,Robbi,14,3,495
711,Eugine,15,5,648
712,Maryellen,10,4,97
713,Catrina,12,3,113
714,Dania,12,9,996
715,Meg,11,7,782
716,Inga,11,6,691
717,Carmencita,14,5,35
718,Jessy,10,8,23
719,Katuscha,15,2,40
720,Jasmina,11,9,100
721,Rosaline,14,6,37
722,Linzy,13,10,701
723,Agnese,14,6,11
724,Mireielle,12,3,79
725,Gratia,15,7,597
726,Andeee,12,2,215
727,Magdalena,12,10,499
728,Lanna,13,6,792
729,Kore,15,9,168
730,Reeba,10,6,473
731,Ingrid,15,6,27
732,Marti,13,9,244
733,Dotty,13,5,840
734,Regina,12,7,32
735,Kathy,13,2,655
736,Lynea,11,8,499
737,Georgina,15,5,367
738,Lorne,13,10,893
739,Clarice,11,4,340
740,Xylina,10,2,539
741,Celene,11,10,851
742,Sam,10,8,711
743,Lizzie,14,4,945
744,Jan,10,10,650
745,Eolanda,15,3,516
746,Arlena,11,8,903
747,Tina,15,10,638
748,Blondelle,12,5,196
749,Jinny,11,9,447
750,Asia,13,7,497
751,Dominga,15,4,839
752,Tiffie,11,9,198
753,Merle,14,8,591
754,Sara-Ann,10,7,239
755,Kirstin,15,7,482
756,Loree,12,4,478
757,Roseline,12,9,407
758,Louella,11,6,50
759,Arlina,11,2,373
760,Janeczka,10,6,121
761,Ann-Marie,10,7,944
762,Dyann,14,10,909
763,Aaren,10,3,484
764,Cindelyn,13,4,346
765,Penelopa,11,3,172
766,Glynnis,14,3,401
767,Frank,10,10,516
768,Laurene,14,7,410
769,Alex,15,9,840
770,Frances,13,3,463
771,Clarice,15,4,775
772,Sean,15,5,792
773,Yolane,10,9,387
774,Damaris,10,5,886
775,Nataline,15,4,47
776,Glynnis,14,5,273
777,Damaris,11,5,911
778,Donetta,15,4,111
779,Anestassia,13,8,835
780,Kary,13,6,383
781,Fanny,13,7,706
782,Allyce,13,5,265
783,Emmey,12,6,273
784,Hyacinthe,11,6,586
785,Morganica,14,5,400
786,Corene,13,4,776
787,Margarette,11,4,986
788,Modestia,14,9,515
789,Lory,10,4,508
790,Paule,12,10,953
791,Winifred,15,10,998
792,Carree,12,7,416
793,Patricia,10,7,194
794,Lulita,11,8,503
795,Ronna,15,7,836
796,Glynnis,10,9,476
797,Mara,15,6,644
798,Sharlene,14,9,573
799,Beth,14,3,425
800,Lindie,15,10,71
801,Roxane,11,6,28
802,Gianina,12,3,284
803,Gui,11,5,329
804,Pearline,13,9,580
805,Robinia,12,6,986
806,Shel,14,9,485
807,Agnese,11,8,421
808,Mignon,10,3,87
809,Kerrin,10,10,313
810,Gratia,10,9,405
811,Aimil,12,7,844
812,Sissy,11,4,128
813,Ardys,11,4,642
814,Briney,12,9,136
815,Bobinette,11,9,124
816,Maud,14,7,33
817,Paule,11,2,214
818,Belinda,10,2,762
819,Arlena,14,4,766
820,Kary,12,8,667
821,Brana,11,3,260
822,Winifred,13,10,843
823,Merci,12,8,833
824,Violet,10,9,586
825,Aubrie,12,6,418
826,Ottilie,11,10,620
827,Joeann,10,7,244
828,Teriann,12,10,471
829,Krystle,11,9,486
830,Romona,15,9,351
831,Gloria,10,3,494
832,Karlee,12,5,459
833,Nollie,12,5,717
834,Vivia,13,4,51
835,Marleah,10,5,903
836,Gavrielle,14,7,493
837,Dyann,13,2,949
838,Tamqrah,12,3,958
839,Angelique,11,4,479
840,Helsa,11,4,641
841,Shel,12,7,222
842,Berta,13,9,140
843,Veda,15,2,725
844,Belinda,12,6,524
845,Hannis,12,10,917
846,Libbie,11,8,155
847,Teriann,11,5,4
848,Dulce,13,8,627
849,Betta,13,3,913
850,Maye,11,6,974
851,Nessie,15,2,742
852,Dawn,10,10,685
853,Vita,10,3,759
854,Kassey,12,4,534
855,Elie,11,7,358
856,Doralynne,14,5,692
857,Bertine,14,2,131
858,Morganica,14,8,906
859,Cassandra,13,5,447
860,Annabela,14,3,300
861,Sherrie,13,3,200
862,Donetta,14,2,846
863,Oralee,13,7,647
864,Queenie,13,4,595
865,Cathyleen,11,10,557
866,Cristine,14,6,356
867,Jere,12,9,363
868,Catrina,13,2,332
869,Donetta,15,10,307
870,Layla,10,2,818
871,Genovera,10,4,45
872,Sophia,12,6,232
873,Dulcinea,15,2,853
874,Nita,13,5,830
875,Dania,12,7,414
876,Ellette,13,9,703
877,Bettine,13,9,890
878,Yetty,14,5,653
879,Bertine,13,8,543
880,Shauna,13,5,265
881,Dominga,12,9,11
882,Kathi,12,5,498
883,Cam,14,7,693
884,Winifred,12,10,921
885,Blondelle,14,8,385
886,Sherrie,11,7,306
887,Melodie,14,9,967
888,Adore,15,3,811
889,Kimberley,12,6,582
890,Rhoda,12,2,393
891,Deedee,12,6,97
892,Kylynn,11,6,252
893,Gabriellia,13,9,480
894,Betta,11,8,608
895,Meghann,13,2,1
896,Daphne,13,9,133
897,Gilligan,12,7,804
898,Gretal,14,8,942
899,Jacquetta,10,7,855
900,Rosaline,12,9,932
901,Alia,11,8,450
902,Melanie,10,5,833
903,Amara,14,7,187
904,June,10,2,243
905,Wilma,12,6,724
906,Gilda,10,6,896
907,Romona,11,8,31
908,Sheree,14,10,549
909,Bernardine,12,7,921
910,Averyl,12,8,528
911,Devina,15,5,611
912,Corina,12,3,553
913,Gabriellia,14,9,611
914,Diena,15,4,145
915,Sharai,11,8,16
916,Dania,10,2,506
917,Mildrid,10,2,524
918,Camile,15,2,447
919,Jessamyn,13,3,618
920,Jinny,12,4,779
921,Susette,15,9,128
922,Gloria,13,10,100
923,Lynea,11,8,693
924,Joleen,13,8,393
925,Rosanne,12,6,146
926,Judy,13,10,918
927,Bobbi,11,5,233
928,Roslyn,11,6,41
929,Annabela,14,6,753
930,Minne,14,4,639
931,Anallese,15,5,691
932,Sonni,15,6,801
933,Diena,12,8,282
934,Rosanne,14,7,222
935,Di,15,9,849
936,Corly,14,7,153
937,Caritta,11,10,957
938,Jorry,10,3,826
939,Dotty,11,4,237
940,Agathe,13,7,978
941,Camile,15,5,468
942,Imojean,11,9,492
943,Arlina,14,3,936
944,Jinny,13,9,922
945,Ana,12,10,354
946,Lucille,10,8,498
947,Marleah,13,4,405
948,Dianemarie,13,10,590
949,Lanna,13,7,610
950,Celestyna,15,9,234
951,Celisse,13,3,685
952,Nataline,13,7,413
953,Rhea,13,4,998
954,Clary,15,7,189
955,Nadine,11,9,959
956,Ulrike,13,4,999
957,Gertrud,13,5,833
958,Jordan,15,3,877
959,Nonnah,11,3,330
960,Phedra,13,2,905
961,Pierette,10,6,604
962,Josephine,14,10,686
963,Dale,14,4,845
964,Wileen,14,4,315
965,Zsa Zsa,14,8,112
966,Ulrike,14,3,893
967,Anica,14,8,143
968,Christy,11,7,785
969,Orelia,13,6,883
970,Lucille,11,6,478
971,Tersina,13,8,781
972,Christal,14,4,205
973,Elise,12,4,750
974,Cecile,14,9,603
975,Marnia,10,5,186
976,Pierette,14,2,660
977,Reeba,10,6,560
978,Jacenta,13,10,788
979,Margette,14,9,337
980,Jacenta,11,2,328
981,Queenie,12,6,499
982,Joy,12,5,288
983,Jessamyn,15,5,61
984,Annabela,13,7,846
985,Alameda,13,7,42
986,Vevay,12,4,429
987,Sophia,12,9,252
988,Siana,15,7,720
989,Moyna,13,5,122
990,Philis,11,8,922
991,Louella,12,4,194
992,Sabina,12,7,406
993,Merry,11,7,936
994,Konstance,14,3,857
995,Alexine,11,3,752
996,Therine,10,5,863
997,Veda,15,2,295
998,Ariela,13,9,510
999,Steffane,15,7,276
1000,Dulce,14,9,435
1001,Monika,11,10,394
1002,Stacey,15,7,622
1003,Annice,14,6,560
1004,Monika,15,7,79
1005,Gianina,15,3,101
1006,Lorie,12,10,905
1007,Linet,15,6,961
1008,Karly,13,7,186
1009,Annaliese,13,2,393
1010,Jenda,11,6,248
1011,Adriana,11,5,268
1012,Maisey,14,3,593
1013,Margette,11,3,124
1014,Kellen,11,6,387
1015,Rayna,14,4,831
1016,Albertina,12,3,492
1017,Tami,10,5,987
1018,Feliza,15,4,93
1019,Valli,14,9,923
1020,Ellette,10,2,910
1021,Trixi,12,9,93
1022,Korrie,12,8,757
1023,Iseabal,11,3,196
1024,Reeba,10,4,71
1025,Mady,11,4,816
1026,Elora,13,7,70
1027,Bee,13,3,444
1028,Netty,15,5,125
1029,Justinn,12,7,675
1030,Nicoli,13,5,503
1031,Lenna,11,6,82
1032,Jordan,13,9,816
1033,Vita,10,7,366
1034,Rosene,10,8,467
1035,Mahalia,12,10,388
1036,Deirdre,10,5,732
1037,Ayn,13,2,509
1038,Nessie,11,7,145
1039,Corly,14,7,405
1040,Hermione,15,10,591
1041,Willetta,15,3,823
1042,Ottilie,13,9,671
1043,Anica,15,10,621
1044,Bill,10,4,521
1045,Alexine,11,8,111
1046,Pamella,11,4,611
1047,Merry,12,8,187
1048,Ellette,10,4,228
1049,Dominga,12,2,925
1050,Cassondra,10,8,430
1051,Gusty,14,2,521
1052,Hannis,15,5,990
1053,Laurene,10,4,37
1054,Suzette,12,3,350
1055,Brianna,15,3,678
1056,Sam,15,6,32
1057,Hildegaard,15,3,667
1058,Marita,14,2,201
1059,Gilda,12,10,703
1060,Deirdre,13,8,148
1061,Berget,12,3,695
1062,Marnia,14,10,567
1063,Valera,11,8,440
1064,Marnia,13,3,138
1065,Allis,10,5,53
1066,Modestia,12,8,360
1067,Elyssa,10,8,622
1068,Edee,11,10,467
1069,Donnie,15,6,469
1070,Xylina,13,2,36
1071,Harmonia,12,8,352
1072,Christy,15,9,590
1073,Nerta,12,4,867
1074,Marguerite,10,5,675
1075,Tracey,12,10,929
1076,Marnia,15,2,43
1077,Wynne,13,6,511
1078,Florencia,12,6,609
1079,Danika,14,8,565
1080,Dorene,12,10,795
1081,Alexine,13,4,878
1082,Joleen,12,3,842
1083,Karolina,15,9,941
1084,Mady,14,4,45
1085,Lisette,12,6,278
1086,Janenna,10,7,432
1087,Marline,13,10,777
1088,Viki,12,10,304
1089,Bill,13,8,417
1090,Claresta,14,8,668
1091,Stevana,14,8,233
1092,Minne,10,10,955
1093,Althea,11,3,934
1094,Lucy,14,4,665
1095,Inga,13,4,896
1096,Brietta,12,3,703
1097,Lonnie,15,9,854
1098,Antonietta,10,2,518
1099,Gale,10,5,276